Image Path,Label
/Users/umerriaz/Desktop/OEL(2020503)/train/nls/nls_360.jpg,nls
/Users/umerriaz/Desktop/OEL(2020503)/train/nls/nls_406.jpg,nls
/Users/umerriaz/Desktop/OEL(2020503)/train/nls/nls_412.jpg,nls
/Users/umerriaz/Desktop/OEL(2020503)/train/nls/nls_374.jpg,nls
/Users/umerriaz/Desktop/OEL(2020503)/train/nls/nls_348.jpg,nls
/Users/umerriaz/Desktop/OEL(2020503)/train/nls/nls_349.jpg,nls
/Users/umerriaz/Desktop/OEL(2020503)/train/nls/nls_413.jpg,nls
/Users/umerriaz/Desktop/OEL(2020503)/train/nls/nls_375.jpg,nls
/Users/umerriaz/Desktop/OEL(2020503)/train/nls/nls_361.jpg,nls
/Users/umerriaz/Desktop/OEL(2020503)/train/nls/nls_407.jpg,nls
/Users/umerriaz/Desktop/OEL(2020503)/train/nls/nls_377.jpg,nls
/Users/umerriaz/Desktop/OEL(2020503)/train/nls/nls_411.jpg,nls
/Users/umerriaz/Desktop/OEL(2020503)/train/nls/nls_405.jpg,nls
/Users/umerriaz/Desktop/OEL(2020503)/train/nls/nls_363.jpg,nls
/Users/umerriaz/Desktop/OEL(2020503)/train/nls/nls_439.jpg,nls
/Users/umerriaz/Desktop/OEL(2020503)/train/nls/nls_388.jpg,nls
/Users/umerriaz/Desktop/OEL(2020503)/train/nls/nls_389.jpg,nls
/Users/umerriaz/Desktop/OEL(2020503)/train/nls/nls_438.jpg,nls
/Users/umerriaz/Desktop/OEL(2020503)/train/nls/nls_404.jpg,nls
/Users/umerriaz/Desktop/OEL(2020503)/train/nls/nls_362.jpg,nls
/Users/umerriaz/Desktop/OEL(2020503)/train/nls/nls_376.jpg,nls
/Users/umerriaz/Desktop/OEL(2020503)/train/nls/nls_410.jpg,nls
/Users/umerriaz/Desktop/OEL(2020503)/train/nls/nls_548.jpg,nls
/Users/umerriaz/Desktop/OEL(2020503)/train/nls/nls_428.jpg,nls
/Users/umerriaz/Desktop/OEL(2020503)/train/nls/nls_414.jpg,nls
/Users/umerriaz/Desktop/OEL(2020503)/train/nls/nls_372.jpg,nls
/Users/umerriaz/Desktop/OEL(2020503)/train/nls/nls_366.jpg,nls
/Users/umerriaz/Desktop/OEL(2020503)/train/nls/nls_400.jpg,nls
/Users/umerriaz/Desktop/OEL(2020503)/train/nls/nls_399.jpg,nls
/Users/umerriaz/Desktop/OEL(2020503)/train/nls/nls_398.jpg,nls
/Users/umerriaz/Desktop/OEL(2020503)/train/nls/nls_367.jpg,nls
/Users/umerriaz/Desktop/OEL(2020503)/train/nls/nls_401.jpg,nls
/Users/umerriaz/Desktop/OEL(2020503)/train/nls/nls_415.jpg,nls
/Users/umerriaz/Desktop/OEL(2020503)/train/nls/nls_373.jpg,nls
/Users/umerriaz/Desktop/OEL(2020503)/train/nls/nls_429.jpg,nls
/Users/umerriaz/Desktop/OEL(2020503)/train/nls/nls_549.jpg,nls
/Users/umerriaz/Desktop/OEL(2020503)/train/nls/nls_359.jpg,nls
/Users/umerriaz/Desktop/OEL(2020503)/train/nls/nls_403.jpg,nls
/Users/umerriaz/Desktop/OEL(2020503)/train/nls/nls_365.jpg,nls
/Users/umerriaz/Desktop/OEL(2020503)/train/nls/nls_371.jpg,nls
/Users/umerriaz/Desktop/OEL(2020503)/train/nls/nls_417.jpg,nls
/Users/umerriaz/Desktop/OEL(2020503)/train/nls/nls_370.jpg,nls
/Users/umerriaz/Desktop/OEL(2020503)/train/nls/nls_416.jpg,nls
/Users/umerriaz/Desktop/OEL(2020503)/train/nls/nls_402.jpg,nls
/Users/umerriaz/Desktop/OEL(2020503)/train/nls/nls_364.jpg,nls
/Users/umerriaz/Desktop/OEL(2020503)/train/nls/nls_358.jpg,nls
/Users/umerriaz/Desktop/OEL(2020503)/train/nls/nls_511.jpg,nls
/Users/umerriaz/Desktop/OEL(2020503)/train/nls/nls_277.jpg,nls
/Users/umerriaz/Desktop/OEL(2020503)/train/nls/nls_505.jpg,nls
/Users/umerriaz/Desktop/OEL(2020503)/train/nls/nls_539.jpg,nls
/Users/umerriaz/Desktop/OEL(2020503)/train/nls/nls_288.jpg,nls
/Users/umerriaz/Desktop/OEL(2020503)/train/nls/nls_465.jpg,nls
/Users/umerriaz/Desktop/OEL(2020503)/train/nls/nls_303.jpg,nls
/Users/umerriaz/Desktop/OEL(2020503)/train/nls/nls_317.jpg,nls
/Users/umerriaz/Desktop/OEL(2020503)/train/nls/nls_471.jpg,nls
/Users/umerriaz/Desktop/OEL(2020503)/train/nls/nls_459.jpg,nls
/Users/umerriaz/Desktop/OEL(2020503)/train/nls/nls_458.jpg,nls
/Users/umerriaz/Desktop/OEL(2020503)/train/nls/nls_316.jpg,nls
/Users/umerriaz/Desktop/OEL(2020503)/train/nls/nls_470.jpg,nls
/Users/umerriaz/Desktop/OEL(2020503)/train/nls/nls_464.jpg,nls
/Users/umerriaz/Desktop/OEL(2020503)/train/nls/nls_302.jpg,nls
/Users/umerriaz/Desktop/OEL(2020503)/train/nls/nls_289.jpg,nls
/Users/umerriaz/Desktop/OEL(2020503)/train/nls/nls_538.jpg,nls
/Users/umerriaz/Desktop/OEL(2020503)/train/nls/nls_504.jpg,nls
/Users/umerriaz/Desktop/OEL(2020503)/train/nls/nls_510.jpg,nls
/Users/umerriaz/Desktop/OEL(2020503)/train/nls/nls_506.jpg,nls
/Users/umerriaz/Desktop/OEL(2020503)/train/nls/nls_512.jpg,nls
/Users/umerriaz/Desktop/OEL(2020503)/train/nls/nls_472.jpg,nls
/Users/umerriaz/Desktop/OEL(2020503)/train/nls/nls_314.jpg,nls
/Users/umerriaz/Desktop/OEL(2020503)/train/nls/nls_300.jpg,nls
/Users/umerriaz/Desktop/OEL(2020503)/train/nls/nls_466.jpg,nls
/Users/umerriaz/Desktop/OEL(2020503)/train/nls/nls_328.jpg,nls
/Users/umerriaz/Desktop/OEL(2020503)/train/nls/nls_499.jpg,nls
/Users/umerriaz/Desktop/OEL(2020503)/train/nls/nls_498.jpg,nls
/Users/umerriaz/Desktop/OEL(2020503)/train/nls/nls_329.jpg,nls
/Users/umerriaz/Desktop/OEL(2020503)/train/nls/nls_301.jpg,nls
/Users/umerriaz/Desktop/OEL(2020503)/train/nls/nls_467.jpg,nls
/Users/umerriaz/Desktop/OEL(2020503)/train/nls/nls_473.jpg,nls
/Users/umerriaz/Desktop/OEL(2020503)/train/nls/nls_315.jpg,nls
/Users/umerriaz/Desktop/OEL(2020503)/train/nls/nls_513.jpg,nls
/Users/umerriaz/Desktop/OEL(2020503)/train/nls/nls_507.jpg,nls
/Users/umerriaz/Desktop/OEL(2020503)/train/nls/nls_503.jpg,nls
/Users/umerriaz/Desktop/OEL(2020503)/train/nls/nls_517.jpg,nls
/Users/umerriaz/Desktop/OEL(2020503)/train/nls/nls_339.jpg,nls
/Users/umerriaz/Desktop/OEL(2020503)/train/nls/nls_311.jpg,nls
/Users/umerriaz/Desktop/OEL(2020503)/train/nls/nls_477.jpg,nls
/Users/umerriaz/Desktop/OEL(2020503)/train/nls/nls_463.jpg,nls
/Users/umerriaz/Desktop/OEL(2020503)/train/nls/nls_305.jpg,nls
/Users/umerriaz/Desktop/OEL(2020503)/train/nls/nls_488.jpg,nls
/Users/umerriaz/Desktop/OEL(2020503)/train/nls/nls_489.jpg,nls
/Users/umerriaz/Desktop/OEL(2020503)/train/nls/nls_462.jpg,nls
/Users/umerriaz/Desktop/OEL(2020503)/train/nls/nls_304.jpg,nls
/Users/umerriaz/Desktop/OEL(2020503)/train/nls/nls_310.jpg,nls
/Users/umerriaz/Desktop/OEL(2020503)/train/nls/nls_338.jpg,nls
/Users/umerriaz/Desktop/OEL(2020503)/train/nls/nls_516.jpg,nls
/Users/umerriaz/Desktop/OEL(2020503)/train/nls/nls_502.jpg,nls
/Users/umerriaz/Desktop/OEL(2020503)/train/nls/nls_528.jpg,nls
/Users/umerriaz/Desktop/OEL(2020503)/train/nls/nls_514.jpg,nls
/Users/umerriaz/Desktop/OEL(2020503)/train/nls/nls_500.jpg,nls
/Users/umerriaz/Desktop/OEL(2020503)/train/nls/nls_299.jpg,nls
/Users/umerriaz/Desktop/OEL(2020503)/train/nls/nls_448.jpg,nls
/Users/umerriaz/Desktop/OEL(2020503)/train/nls/nls_306.jpg,nls
/Users/umerriaz/Desktop/OEL(2020503)/train/nls/nls_460.jpg,nls
/Users/umerriaz/Desktop/OEL(2020503)/train/nls/nls_474.jpg,nls
/Users/umerriaz/Desktop/OEL(2020503)/train/nls/nls_312.jpg,nls
/Users/umerriaz/Desktop/OEL(2020503)/train/nls/nls_475.jpg,nls
/Users/umerriaz/Desktop/OEL(2020503)/train/nls/nls_313.jpg,nls
/Users/umerriaz/Desktop/OEL(2020503)/train/nls/nls_307.jpg,nls
/Users/umerriaz/Desktop/OEL(2020503)/train/nls/nls_461.jpg,nls
/Users/umerriaz/Desktop/OEL(2020503)/train/nls/nls_449.jpg,nls
/Users/umerriaz/Desktop/OEL(2020503)/train/nls/nls_298.jpg,nls
/Users/umerriaz/Desktop/OEL(2020503)/train/nls/nls_501.jpg,nls
/Users/umerriaz/Desktop/OEL(2020503)/train/nls/nls_515.jpg,nls
/Users/umerriaz/Desktop/OEL(2020503)/train/nls/nls_529.jpg,nls
/Users/umerriaz/Desktop/OEL(2020503)/train/nls/nls_530.jpg,nls
/Users/umerriaz/Desktop/OEL(2020503)/train/nls/nls_524.jpg,nls
/Users/umerriaz/Desktop/OEL(2020503)/train/nls/nls_518.jpg,nls
/Users/umerriaz/Desktop/OEL(2020503)/train/nls/nls_295.jpg,nls
/Users/umerriaz/Desktop/OEL(2020503)/train/nls/nls_281.jpg,nls
/Users/umerriaz/Desktop/OEL(2020503)/train/nls/nls_444.jpg,nls
/Users/umerriaz/Desktop/OEL(2020503)/train/nls/nls_322.jpg,nls
/Users/umerriaz/Desktop/OEL(2020503)/train/nls/nls_336.jpg,nls
/Users/umerriaz/Desktop/OEL(2020503)/train/nls/nls_450.jpg,nls
/Users/umerriaz/Desktop/OEL(2020503)/train/nls/nls_478.jpg,nls
/Users/umerriaz/Desktop/OEL(2020503)/train/nls/nls_487.jpg,nls
/Users/umerriaz/Desktop/OEL(2020503)/train/nls/nls_493.jpg,nls
/Users/umerriaz/Desktop/OEL(2020503)/train/nls/nls_492.jpg,nls
/Users/umerriaz/Desktop/OEL(2020503)/train/nls/nls_486.jpg,nls
/Users/umerriaz/Desktop/OEL(2020503)/train/nls/nls_479.jpg,nls
/Users/umerriaz/Desktop/OEL(2020503)/train/nls/nls_337.jpg,nls
/Users/umerriaz/Desktop/OEL(2020503)/train/nls/nls_451.jpg,nls
/Users/umerriaz/Desktop/OEL(2020503)/train/nls/nls_445.jpg,nls
/Users/umerriaz/Desktop/OEL(2020503)/train/nls/nls_323.jpg,nls
/Users/umerriaz/Desktop/OEL(2020503)/train/nls/nls_280.jpg,nls
/Users/umerriaz/Desktop/OEL(2020503)/train/nls/nls_294.jpg,nls
/Users/umerriaz/Desktop/OEL(2020503)/train/nls/nls_519.jpg,nls
/Users/umerriaz/Desktop/OEL(2020503)/train/nls/nls_525.jpg,nls
/Users/umerriaz/Desktop/OEL(2020503)/train/nls/nls_531.jpg,nls
/Users/umerriaz/Desktop/OEL(2020503)/train/nls/nls_527.jpg,nls
/Users/umerriaz/Desktop/OEL(2020503)/train/nls/nls_533.jpg,nls
/Users/umerriaz/Desktop/OEL(2020503)/train/nls/nls_282.jpg,nls
/Users/umerriaz/Desktop/OEL(2020503)/train/nls/nls_296.jpg,nls
/Users/umerriaz/Desktop/OEL(2020503)/train/nls/nls_453.jpg,nls
/Users/umerriaz/Desktop/OEL(2020503)/train/nls/nls_335.jpg,nls
/Users/umerriaz/Desktop/OEL(2020503)/train/nls/nls_321.jpg,nls
/Users/umerriaz/Desktop/OEL(2020503)/train/nls/nls_447.jpg,nls
/Users/umerriaz/Desktop/OEL(2020503)/train/nls/nls_309.jpg,nls
/Users/umerriaz/Desktop/OEL(2020503)/train/nls/nls_490.jpg,nls
/Users/umerriaz/Desktop/OEL(2020503)/train/nls/nls_484.jpg,nls
/Users/umerriaz/Desktop/OEL(2020503)/train/nls/nls_485.jpg,nls
/Users/umerriaz/Desktop/OEL(2020503)/train/nls/nls_491.jpg,nls
/Users/umerriaz/Desktop/OEL(2020503)/train/nls/nls_308.jpg,nls
/Users/umerriaz/Desktop/OEL(2020503)/train/nls/nls_320.jpg,nls
/Users/umerriaz/Desktop/OEL(2020503)/train/nls/nls_446.jpg,nls
/Users/umerriaz/Desktop/OEL(2020503)/train/nls/nls_452.jpg,nls
/Users/umerriaz/Desktop/OEL(2020503)/train/nls/nls_334.jpg,nls
/Users/umerriaz/Desktop/OEL(2020503)/train/nls/nls_297.jpg,nls
/Users/umerriaz/Desktop/OEL(2020503)/train/nls/nls_283.jpg,nls
/Users/umerriaz/Desktop/OEL(2020503)/train/nls/nls_532.jpg,nls
/Users/umerriaz/Desktop/OEL(2020503)/train/nls/nls_526.jpg,nls
/Users/umerriaz/Desktop/OEL(2020503)/train/nls/nls_278.jpg,nls
/Users/umerriaz/Desktop/OEL(2020503)/train/nls/nls_522.jpg,nls
/Users/umerriaz/Desktop/OEL(2020503)/train/nls/nls_536.jpg,nls
/Users/umerriaz/Desktop/OEL(2020503)/train/nls/nls_287.jpg,nls
/Users/umerriaz/Desktop/OEL(2020503)/train/nls/nls_293.jpg,nls
/Users/umerriaz/Desktop/OEL(2020503)/train/nls/nls_318.jpg,nls
/Users/umerriaz/Desktop/OEL(2020503)/train/nls/nls_330.jpg,nls
/Users/umerriaz/Desktop/OEL(2020503)/train/nls/nls_456.jpg,nls
/Users/umerriaz/Desktop/OEL(2020503)/train/nls/nls_442.jpg,nls
/Users/umerriaz/Desktop/OEL(2020503)/train/nls/nls_324.jpg,nls
/Users/umerriaz/Desktop/OEL(2020503)/train/nls/nls_495.jpg,nls
/Users/umerriaz/Desktop/OEL(2020503)/train/nls/nls_481.jpg,nls
/Users/umerriaz/Desktop/OEL(2020503)/train/nls/nls_480.jpg,nls
/Users/umerriaz/Desktop/OEL(2020503)/train/nls/nls_494.jpg,nls
/Users/umerriaz/Desktop/OEL(2020503)/train/nls/nls_443.jpg,nls
/Users/umerriaz/Desktop/OEL(2020503)/train/nls/nls_325.jpg,nls
/Users/umerriaz/Desktop/OEL(2020503)/train/nls/nls_331.jpg,nls
/Users/umerriaz/Desktop/OEL(2020503)/train/nls/nls_457.jpg,nls
/Users/umerriaz/Desktop/OEL(2020503)/train/nls/nls_319.jpg,nls
/Users/umerriaz/Desktop/OEL(2020503)/train/nls/nls_292.jpg,nls
/Users/umerriaz/Desktop/OEL(2020503)/train/nls/nls_286.jpg,nls
/Users/umerriaz/Desktop/OEL(2020503)/train/nls/nls_537.jpg,nls
/Users/umerriaz/Desktop/OEL(2020503)/train/nls/nls_523.jpg,nls
/Users/umerriaz/Desktop/OEL(2020503)/train/nls/nls_279.jpg,nls
/Users/umerriaz/Desktop/OEL(2020503)/train/nls/nls_509.jpg,nls
/Users/umerriaz/Desktop/OEL(2020503)/train/nls/nls_535.jpg,nls
/Users/umerriaz/Desktop/OEL(2020503)/train/nls/nls_521.jpg,nls
/Users/umerriaz/Desktop/OEL(2020503)/train/nls/nls_290.jpg,nls
/Users/umerriaz/Desktop/OEL(2020503)/train/nls/nls_284.jpg,nls
/Users/umerriaz/Desktop/OEL(2020503)/train/nls/nls_469.jpg,nls
/Users/umerriaz/Desktop/OEL(2020503)/train/nls/nls_327.jpg,nls
/Users/umerriaz/Desktop/OEL(2020503)/train/nls/nls_441.jpg,nls
/Users/umerriaz/Desktop/OEL(2020503)/train/nls/nls_455.jpg,nls
/Users/umerriaz/Desktop/OEL(2020503)/train/nls/nls_333.jpg,nls
/Users/umerriaz/Desktop/OEL(2020503)/train/nls/nls_482.jpg,nls
/Users/umerriaz/Desktop/OEL(2020503)/train/nls/nls_496.jpg,nls
/Users/umerriaz/Desktop/OEL(2020503)/train/nls/nls_497.jpg,nls
/Users/umerriaz/Desktop/OEL(2020503)/train/nls/nls_483.jpg,nls
/Users/umerriaz/Desktop/OEL(2020503)/train/nls/nls_454.jpg,nls
/Users/umerriaz/Desktop/OEL(2020503)/train/nls/nls_332.jpg,nls
/Users/umerriaz/Desktop/OEL(2020503)/train/nls/nls_326.jpg,nls
/Users/umerriaz/Desktop/OEL(2020503)/train/nls/nls_440.jpg,nls
/Users/umerriaz/Desktop/OEL(2020503)/train/nls/nls_468.jpg,nls
/Users/umerriaz/Desktop/OEL(2020503)/train/nls/nls_285.jpg,nls
/Users/umerriaz/Desktop/OEL(2020503)/train/nls/nls_291.jpg,nls
/Users/umerriaz/Desktop/OEL(2020503)/train/nls/nls_520.jpg,nls
/Users/umerriaz/Desktop/OEL(2020503)/train/nls/nls_534.jpg,nls
/Users/umerriaz/Desktop/OEL(2020503)/train/nls/nls_508.jpg,nls
/Users/umerriaz/Desktop/OEL(2020503)/train/nls/nls_547.jpg,nls
/Users/umerriaz/Desktop/OEL(2020503)/train/nls/nls_341.jpg,nls
/Users/umerriaz/Desktop/OEL(2020503)/train/nls/nls_427.jpg,nls
/Users/umerriaz/Desktop/OEL(2020503)/train/nls/nls_433.jpg,nls
/Users/umerriaz/Desktop/OEL(2020503)/train/nls/nls_355.jpg,nls
/Users/umerriaz/Desktop/OEL(2020503)/train/nls/nls_369.jpg,nls
/Users/umerriaz/Desktop/OEL(2020503)/train/nls/nls_382.jpg,nls
/Users/umerriaz/Desktop/OEL(2020503)/train/nls/nls_396.jpg,nls
/Users/umerriaz/Desktop/OEL(2020503)/train/nls/nls_397.jpg,nls
/Users/umerriaz/Desktop/OEL(2020503)/train/nls/nls_383.jpg,nls
/Users/umerriaz/Desktop/OEL(2020503)/train/nls/nls_368.jpg,nls
/Users/umerriaz/Desktop/OEL(2020503)/train/nls/nls_432.jpg,nls
/Users/umerriaz/Desktop/OEL(2020503)/train/nls/nls_354.jpg,nls
/Users/umerriaz/Desktop/OEL(2020503)/train/nls/nls_340.jpg,nls
/Users/umerriaz/Desktop/OEL(2020503)/train/nls/nls_426.jpg,nls
/Users/umerriaz/Desktop/OEL(2020503)/train/nls/nls_546.jpg,nls
/Users/umerriaz/Desktop/OEL(2020503)/train/nls/nls_552.jpg,nls
/Users/umerriaz/Desktop/OEL(2020503)/train/nls/nls_544.jpg,nls
/Users/umerriaz/Desktop/OEL(2020503)/train/nls/nls_550.jpg,nls
/Users/umerriaz/Desktop/OEL(2020503)/train/nls/nls_356.jpg,nls
/Users/umerriaz/Desktop/OEL(2020503)/train/nls/nls_430.jpg,nls
/Users/umerriaz/Desktop/OEL(2020503)/train/nls/nls_424.jpg,nls
/Users/umerriaz/Desktop/OEL(2020503)/train/nls/nls_342.jpg,nls
/Users/umerriaz/Desktop/OEL(2020503)/train/nls/nls_418.jpg,nls
/Users/umerriaz/Desktop/OEL(2020503)/train/nls/nls_395.jpg,nls
/Users/umerriaz/Desktop/OEL(2020503)/train/nls/nls_381.jpg,nls
/Users/umerriaz/Desktop/OEL(2020503)/train/nls/nls_380.jpg,nls
/Users/umerriaz/Desktop/OEL(2020503)/train/nls/nls_394.jpg,nls
/Users/umerriaz/Desktop/OEL(2020503)/train/nls/nls_419.jpg,nls
/Users/umerriaz/Desktop/OEL(2020503)/train/nls/nls_425.jpg,nls
/Users/umerriaz/Desktop/OEL(2020503)/train/nls/nls_343.jpg,nls
/Users/umerriaz/Desktop/OEL(2020503)/train/nls/nls_357.jpg,nls
/Users/umerriaz/Desktop/OEL(2020503)/train/nls/nls_431.jpg,nls
/Users/umerriaz/Desktop/OEL(2020503)/train/nls/nls_551.jpg,nls
/Users/umerriaz/Desktop/OEL(2020503)/train/nls/nls_545.jpg,nls
/Users/umerriaz/Desktop/OEL(2020503)/train/nls/nls_541.jpg,nls
/Users/umerriaz/Desktop/OEL(2020503)/train/nls/nls_409.jpg,nls
/Users/umerriaz/Desktop/OEL(2020503)/train/nls/nls_435.jpg,nls
/Users/umerriaz/Desktop/OEL(2020503)/train/nls/nls_353.jpg,nls
/Users/umerriaz/Desktop/OEL(2020503)/train/nls/nls_347.jpg,nls
/Users/umerriaz/Desktop/OEL(2020503)/train/nls/nls_421.jpg,nls
/Users/umerriaz/Desktop/OEL(2020503)/train/nls/nls_390.jpg,nls
/Users/umerriaz/Desktop/OEL(2020503)/train/nls/nls_384.jpg,nls
/Users/umerriaz/Desktop/OEL(2020503)/train/nls/nls_385.jpg,nls
/Users/umerriaz/Desktop/OEL(2020503)/train/nls/nls_391.jpg,nls
/Users/umerriaz/Desktop/OEL(2020503)/train/nls/nls_346.jpg,nls
/Users/umerriaz/Desktop/OEL(2020503)/train/nls/nls_420.jpg,nls
/Users/umerriaz/Desktop/OEL(2020503)/train/nls/nls_434.jpg,nls
/Users/umerriaz/Desktop/OEL(2020503)/train/nls/nls_352.jpg,nls
/Users/umerriaz/Desktop/OEL(2020503)/train/nls/nls_408.jpg,nls
/Users/umerriaz/Desktop/OEL(2020503)/train/nls/nls_540.jpg,nls
/Users/umerriaz/Desktop/OEL(2020503)/train/nls/nls_542.jpg,nls
/Users/umerriaz/Desktop/OEL(2020503)/train/nls/nls_378.jpg,nls
/Users/umerriaz/Desktop/OEL(2020503)/train/nls/nls_422.jpg,nls
/Users/umerriaz/Desktop/OEL(2020503)/train/nls/nls_344.jpg,nls
/Users/umerriaz/Desktop/OEL(2020503)/train/nls/nls_350.jpg,nls
/Users/umerriaz/Desktop/OEL(2020503)/train/nls/nls_436.jpg,nls
/Users/umerriaz/Desktop/OEL(2020503)/train/nls/nls_387.jpg,nls
/Users/umerriaz/Desktop/OEL(2020503)/train/nls/nls_393.jpg,nls
/Users/umerriaz/Desktop/OEL(2020503)/train/nls/nls_392.jpg,nls
/Users/umerriaz/Desktop/OEL(2020503)/train/nls/nls_386.jpg,nls
/Users/umerriaz/Desktop/OEL(2020503)/train/nls/nls_351.jpg,nls
/Users/umerriaz/Desktop/OEL(2020503)/train/nls/nls_437.jpg,nls
/Users/umerriaz/Desktop/OEL(2020503)/train/nls/nls_423.jpg,nls
/Users/umerriaz/Desktop/OEL(2020503)/train/nls/nls_345.jpg,nls
/Users/umerriaz/Desktop/OEL(2020503)/train/nls/nls_379.jpg,nls
/Users/umerriaz/Desktop/OEL(2020503)/train/nls/nls_543.jpg,nls
/Users/umerriaz/Desktop/OEL(2020503)/train/gls/gls_247.jpg,gls
/Users/umerriaz/Desktop/OEL(2020503)/train/gls/gls_253.jpg,gls
/Users/umerriaz/Desktop/OEL(2020503)/train/gls/gls_284.jpg,gls
/Users/umerriaz/Desktop/OEL(2020503)/train/gls/gls_21.jpg,gls
/Users/umerriaz/Desktop/OEL(2020503)/train/gls/gls_290.jpg,gls
/Users/umerriaz/Desktop/OEL(2020503)/train/gls/gls_469.jpg,gls
/Users/umerriaz/Desktop/OEL(2020503)/train/gls/gls_333.jpg,gls
/Users/umerriaz/Desktop/OEL(2020503)/train/gls/gls_441.jpg,gls
/Users/umerriaz/Desktop/OEL(2020503)/train/gls/gls_327.jpg,gls
/Users/umerriaz/Desktop/OEL(2020503)/train/gls/gls_482.jpg,gls
/Users/umerriaz/Desktop/OEL(2020503)/train/gls/gls_483.jpg,gls
/Users/umerriaz/Desktop/OEL(2020503)/train/gls/gls_440.jpg,gls
/Users/umerriaz/Desktop/OEL(2020503)/train/gls/gls_326.jpg,gls
/Users/umerriaz/Desktop/OEL(2020503)/train/gls/gls_332.jpg,gls
/Users/umerriaz/Desktop/OEL(2020503)/train/gls/gls_291.jpg,gls
/Users/umerriaz/Desktop/OEL(2020503)/train/gls/gls_20.jpg,gls
/Users/umerriaz/Desktop/OEL(2020503)/train/gls/gls_285.jpg,gls
/Users/umerriaz/Desktop/OEL(2020503)/train/gls/gls_278.jpg,gls
/Users/umerriaz/Desktop/OEL(2020503)/train/gls/gls_481.jpg,gls
/Users/umerriaz/Desktop/OEL(2020503)/train/gls/gls_495.jpg,gls
/Users/umerriaz/Desktop/OEL(2020503)/train/gls/gls_133.jpg,gls
/Users/umerriaz/Desktop/OEL(2020503)/train/gls/gls_127.jpg,gls
/Users/umerriaz/Desktop/OEL(2020503)/train/gls/gls_494.jpg,gls
/Users/umerriaz/Desktop/OEL(2020503)/train/gls/gls_457.jpg,gls
/Users/umerriaz/Desktop/OEL(2020503)/train/gls/gls_331.jpg,gls
/Users/umerriaz/Desktop/OEL(2020503)/train/gls/gls_325.jpg,gls
/Users/umerriaz/Desktop/OEL(2020503)/train/gls/gls_319.jpg,gls
/Users/umerriaz/Desktop/OEL(2020503)/train/gls/gls_37.jpg,gls
/Users/umerriaz/Desktop/OEL(2020503)/train/gls/gls_523.jpg,gls
/Users/umerriaz/Desktop/OEL(2020503)/train/gls/gls_279.jpg,gls
/Users/umerriaz/Desktop/OEL(2020503)/train/gls/gls_255.jpg,gls
/Users/umerriaz/Desktop/OEL(2020503)/train/gls/gls_241.jpg,gls
/Users/umerriaz/Desktop/OEL(2020503)/train/gls/gls_296.jpg,gls
/Users/umerriaz/Desktop/OEL(2020503)/train/gls/gls_33.jpg,gls
/Users/umerriaz/Desktop/OEL(2020503)/train/gls/gls_27.jpg,gls
/Users/umerriaz/Desktop/OEL(2020503)/train/gls/gls_447.jpg,gls
/Users/umerriaz/Desktop/OEL(2020503)/train/gls/gls_321.jpg,gls
/Users/umerriaz/Desktop/OEL(2020503)/train/gls/gls_453.jpg,gls
/Users/umerriaz/Desktop/OEL(2020503)/train/gls/gls_309.jpg,gls
/Users/umerriaz/Desktop/OEL(2020503)/train/gls/gls_123.jpg,gls
/Users/umerriaz/Desktop/OEL(2020503)/train/gls/gls_122.jpg,gls
/Users/umerriaz/Desktop/OEL(2020503)/train/gls/gls_308.jpg,gls
/Users/umerriaz/Desktop/OEL(2020503)/train/gls/gls_452.jpg,gls
/Users/umerriaz/Desktop/OEL(2020503)/train/gls/gls_446.jpg,gls
/Users/umerriaz/Desktop/OEL(2020503)/train/gls/gls_320.jpg,gls
/Users/umerriaz/Desktop/OEL(2020503)/train/gls/gls_26.jpg,gls
/Users/umerriaz/Desktop/OEL(2020503)/train/gls/gls_283.jpg,gls
/Users/umerriaz/Desktop/OEL(2020503)/train/gls/gls_32.jpg,gls
/Users/umerriaz/Desktop/OEL(2020503)/train/gls/gls_297.jpg,gls
/Users/umerriaz/Desktop/OEL(2020503)/train/gls/gls_254.jpg,gls
/Users/umerriaz/Desktop/OEL(2020503)/train/gls/gls_242.jpg,gls
/Users/umerriaz/Desktop/OEL(2020503)/train/gls/gls_518.jpg,gls
/Users/umerriaz/Desktop/OEL(2020503)/train/gls/gls_295.jpg,gls
/Users/umerriaz/Desktop/OEL(2020503)/train/gls/gls_493.jpg,gls
/Users/umerriaz/Desktop/OEL(2020503)/train/gls/gls_487.jpg,gls
/Users/umerriaz/Desktop/OEL(2020503)/train/gls/gls_134.jpg,gls
/Users/umerriaz/Desktop/OEL(2020503)/train/gls/gls_109.jpg,gls
/Users/umerriaz/Desktop/OEL(2020503)/train/gls/gls_121.jpg,gls
/Users/umerriaz/Desktop/OEL(2020503)/train/gls/gls_135.jpg,gls
/Users/umerriaz/Desktop/OEL(2020503)/train/gls/gls_445.jpg,gls
/Users/umerriaz/Desktop/OEL(2020503)/train/gls/gls_451.jpg,gls
/Users/umerriaz/Desktop/OEL(2020503)/train/gls/gls_337.jpg,gls
/Users/umerriaz/Desktop/OEL(2020503)/train/gls/gls_19.jpg,gls
/Users/umerriaz/Desktop/OEL(2020503)/train/gls/gls_31.jpg,gls
/Users/umerriaz/Desktop/OEL(2020503)/train/gls/gls_25.jpg,gls
/Users/umerriaz/Desktop/OEL(2020503)/train/gls/gls_519.jpg,gls
/Users/umerriaz/Desktop/OEL(2020503)/train/gls/gls_243.jpg,gls
/Users/umerriaz/Desktop/OEL(2020503)/train/gls/gls_218.jpg,gls
/Users/umerriaz/Desktop/OEL(2020503)/train/gls/gls_81.jpg,gls
/Users/umerriaz/Desktop/OEL(2020503)/train/gls/gls_224.jpg,gls
/Users/umerriaz/Desktop/OEL(2020503)/train/gls/gls_230.jpg,gls
/Users/umerriaz/Desktop/OEL(2020503)/train/gls/gls_56.jpg,gls
/Users/umerriaz/Desktop/OEL(2020503)/train/gls/gls_350.jpg,gls
/Users/umerriaz/Desktop/OEL(2020503)/train/gls/gls_344.jpg,gls
/Users/umerriaz/Desktop/OEL(2020503)/train/gls/gls_422.jpg,gls
/Users/umerriaz/Desktop/OEL(2020503)/train/gls/gls_393.jpg,gls
/Users/umerriaz/Desktop/OEL(2020503)/train/gls/gls_387.jpg,gls
/Users/umerriaz/Desktop/OEL(2020503)/train/gls/gls_152.jpg,gls
/Users/umerriaz/Desktop/OEL(2020503)/train/gls/gls_146.jpg,gls
/Users/umerriaz/Desktop/OEL(2020503)/train/gls/gls_147.jpg,gls
/Users/umerriaz/Desktop/OEL(2020503)/train/gls/gls_153.jpg,gls
/Users/umerriaz/Desktop/OEL(2020503)/train/gls/gls_386.jpg,gls
/Users/umerriaz/Desktop/OEL(2020503)/train/gls/gls_392.jpg,gls
/Users/umerriaz/Desktop/OEL(2020503)/train/gls/gls_345.jpg,gls
/Users/umerriaz/Desktop/OEL(2020503)/train/gls/gls_423.jpg,gls
/Users/umerriaz/Desktop/OEL(2020503)/train/gls/gls_351.jpg,gls
/Users/umerriaz/Desktop/OEL(2020503)/train/gls/gls_379.jpg,gls
/Users/umerriaz/Desktop/OEL(2020503)/train/gls/gls_57.jpg,gls
/Users/umerriaz/Desktop/OEL(2020503)/train/gls/gls_43.jpg,gls
/Users/umerriaz/Desktop/OEL(2020503)/train/gls/gls_231.jpg,gls
/Users/umerriaz/Desktop/OEL(2020503)/train/gls/gls_225.jpg,gls
/Users/umerriaz/Desktop/OEL(2020503)/train/gls/gls_80.jpg,gls
/Users/umerriaz/Desktop/OEL(2020503)/train/gls/gls_219.jpg,gls
/Users/umerriaz/Desktop/OEL(2020503)/train/gls/gls_69.jpg,gls
/Users/umerriaz/Desktop/OEL(2020503)/train/gls/gls_55.jpg,gls
/Users/umerriaz/Desktop/OEL(2020503)/train/gls/gls_409.jpg,gls
/Users/umerriaz/Desktop/OEL(2020503)/train/gls/gls_421.jpg,gls
/Users/umerriaz/Desktop/OEL(2020503)/train/gls/gls_435.jpg,gls
/Users/umerriaz/Desktop/OEL(2020503)/train/gls/gls_145.jpg,gls
/Users/umerriaz/Desktop/OEL(2020503)/train/gls/gls_151.jpg,gls
/Users/umerriaz/Desktop/OEL(2020503)/train/gls/gls_193.jpg,gls
/Users/umerriaz/Desktop/OEL(2020503)/train/gls/gls_187.jpg,gls
/Users/umerriaz/Desktop/OEL(2020503)/train/gls/gls_391.jpg,gls
/Users/umerriaz/Desktop/OEL(2020503)/train/gls/gls_385.jpg,gls
/Users/umerriaz/Desktop/OEL(2020503)/train/gls/gls_434.jpg,gls
/Users/umerriaz/Desktop/OEL(2020503)/train/gls/gls_68.jpg,gls
/Users/umerriaz/Desktop/OEL(2020503)/train/gls/gls_97.jpg,gls
/Users/umerriaz/Desktop/OEL(2020503)/train/gls/gls_8.jpg,gls
/Users/umerriaz/Desktop/OEL(2020503)/train/gls/gls_93.jpg,gls
/Users/umerriaz/Desktop/OEL(2020503)/train/gls/gls_236.jpg,gls
/Users/umerriaz/Desktop/OEL(2020503)/train/gls/gls_87.jpg,gls
/Users/umerriaz/Desktop/OEL(2020503)/train/gls/gls_50.jpg,gls
/Users/umerriaz/Desktop/OEL(2020503)/train/gls/gls_44.jpg,gls
/Users/umerriaz/Desktop/OEL(2020503)/train/gls/gls_356.jpg,gls
/Users/umerriaz/Desktop/OEL(2020503)/train/gls/gls_381.jpg,gls
/Users/umerriaz/Desktop/OEL(2020503)/train/gls/gls_140.jpg,gls
/Users/umerriaz/Desktop/OEL(2020503)/train/gls/gls_183.jpg,gls
/Users/umerriaz/Desktop/OEL(2020503)/train/gls/gls_182.jpg,gls
/Users/umerriaz/Desktop/OEL(2020503)/train/gls/gls_169.jpg,gls
/Users/umerriaz/Desktop/OEL(2020503)/train/gls/gls_141.jpg,gls
/Users/umerriaz/Desktop/OEL(2020503)/train/gls/gls_380.jpg,gls
/Users/umerriaz/Desktop/OEL(2020503)/train/gls/gls_357.jpg,gls
/Users/umerriaz/Desktop/OEL(2020503)/train/gls/gls_343.jpg,gls
/Users/umerriaz/Desktop/OEL(2020503)/train/gls/gls_79.jpg,gls
/Users/umerriaz/Desktop/OEL(2020503)/train/gls/gls_45.jpg,gls
/Users/umerriaz/Desktop/OEL(2020503)/train/gls/gls_51.jpg,gls
/Users/umerriaz/Desktop/OEL(2020503)/train/gls/gls_223.jpg,gls
/Users/umerriaz/Desktop/OEL(2020503)/train/gls/gls_86.jpg,gls
/Users/umerriaz/Desktop/OEL(2020503)/train/gls/gls_237.jpg,gls
/Users/umerriaz/Desktop/OEL(2020503)/train/gls/gls_92.jpg,gls
/Users/umerriaz/Desktop/OEL(2020503)/train/gls/gls_9.jpg,gls
/Users/umerriaz/Desktop/OEL(2020503)/train/gls/gls_235.jpg,gls
/Users/umerriaz/Desktop/OEL(2020503)/train/gls/gls_355.jpg,gls
/Users/umerriaz/Desktop/OEL(2020503)/train/gls/gls_433.jpg,gls
/Users/umerriaz/Desktop/OEL(2020503)/train/gls/gls_427.jpg,gls
/Users/umerriaz/Desktop/OEL(2020503)/train/gls/gls_369.jpg,gls
/Users/umerriaz/Desktop/OEL(2020503)/train/gls/gls_157.jpg,gls
/Users/umerriaz/Desktop/OEL(2020503)/train/gls/gls_194.jpg,gls
/Users/umerriaz/Desktop/OEL(2020503)/train/gls/gls_181.jpg,gls
/Users/umerriaz/Desktop/OEL(2020503)/train/gls/gls_195.jpg,gls
/Users/umerriaz/Desktop/OEL(2020503)/train/gls/gls_397.jpg,gls
/Users/umerriaz/Desktop/OEL(2020503)/train/gls/gls_368.jpg,gls
/Users/umerriaz/Desktop/OEL(2020503)/train/gls/gls_91.jpg,gls
/Users/umerriaz/Desktop/OEL(2020503)/train/gls/gls_85.jpg,gls
/Users/umerriaz/Desktop/OEL(2020503)/train/gls/gls_7.jpg,gls
/Users/umerriaz/Desktop/OEL(2020503)/train/gls/gls_205.jpg,gls
/Users/umerriaz/Desktop/OEL(2020503)/train/gls/gls_211.jpg,gls
/Users/umerriaz/Desktop/OEL(2020503)/train/gls/gls_63.jpg,gls
/Users/umerriaz/Desktop/OEL(2020503)/train/gls/gls_417.jpg,gls
/Users/umerriaz/Desktop/OEL(2020503)/train/gls/gls_403.jpg,gls
/Users/umerriaz/Desktop/OEL(2020503)/train/gls/gls_199.jpg,gls
/Users/umerriaz/Desktop/OEL(2020503)/train/gls/gls_416.jpg,gls
/Users/umerriaz/Desktop/OEL(2020503)/train/gls/gls_62.jpg,gls
/Users/umerriaz/Desktop/OEL(2020503)/train/gls/gls_212.jpg,gls
/Users/umerriaz/Desktop/OEL(2020503)/train/gls/gls_206.jpg,gls
/Users/umerriaz/Desktop/OEL(2020503)/train/gls/gls_74.jpg,gls
/Users/umerriaz/Desktop/OEL(2020503)/train/gls/gls_428.jpg,gls
/Users/umerriaz/Desktop/OEL(2020503)/train/gls/gls_399.jpg,gls
/Users/umerriaz/Desktop/OEL(2020503)/train/gls/gls_158.jpg,gls
/Users/umerriaz/Desktop/OEL(2020503)/train/gls/gls_164.jpg,gls
/Users/umerriaz/Desktop/OEL(2020503)/train/gls/gls_170.jpg,gls
/Users/umerriaz/Desktop/OEL(2020503)/train/gls/gls_171.jpg,gls
/Users/umerriaz/Desktop/OEL(2020503)/train/gls/gls_165.jpg,gls
/Users/umerriaz/Desktop/OEL(2020503)/train/gls/gls_159.jpg,gls
/Users/umerriaz/Desktop/OEL(2020503)/train/gls/gls_398.jpg,gls
/Users/umerriaz/Desktop/OEL(2020503)/train/gls/gls_373.jpg,gls
/Users/umerriaz/Desktop/OEL(2020503)/train/gls/gls_415.jpg,gls
/Users/umerriaz/Desktop/OEL(2020503)/train/gls/gls_367.jpg,gls
/Users/umerriaz/Desktop/OEL(2020503)/train/gls/gls_429.jpg,gls
/Users/umerriaz/Desktop/OEL(2020503)/train/gls/gls_61.jpg,gls
/Users/umerriaz/Desktop/OEL(2020503)/train/gls/gls_75.jpg,gls
/Users/umerriaz/Desktop/OEL(2020503)/train/gls/gls_49.jpg,gls
/Users/umerriaz/Desktop/OEL(2020503)/train/gls/gls_207.jpg,gls
/Users/umerriaz/Desktop/OEL(2020503)/train/gls/gls_213.jpg,gls
/Users/umerriaz/Desktop/OEL(2020503)/train/gls/gls_1.jpg,gls
/Users/umerriaz/Desktop/OEL(2020503)/train/gls/gls_217.jpg,gls
/Users/umerriaz/Desktop/OEL(2020503)/train/gls/gls_363.jpg,gls
/Users/umerriaz/Desktop/OEL(2020503)/train/gls/gls_405.jpg,gls
/Users/umerriaz/Desktop/OEL(2020503)/train/gls/gls_411.jpg,gls
/Users/umerriaz/Desktop/OEL(2020503)/train/gls/gls_439.jpg,gls
/Users/umerriaz/Desktop/OEL(2020503)/train/gls/gls_175.jpg,gls
/Users/umerriaz/Desktop/OEL(2020503)/train/gls/gls_410.jpg,gls
/Users/umerriaz/Desktop/OEL(2020503)/train/gls/gls_362.jpg,gls
/Users/umerriaz/Desktop/OEL(2020503)/train/gls/gls_404.jpg,gls
/Users/umerriaz/Desktop/OEL(2020503)/train/gls/gls_2.jpg,gls
/Users/umerriaz/Desktop/OEL(2020503)/train/gls/gls_200.jpg,gls
/Users/umerriaz/Desktop/OEL(2020503)/train/gls/gls_99.jpg,gls
/Users/umerriaz/Desktop/OEL(2020503)/train/gls/gls_374.jpg,gls
/Users/umerriaz/Desktop/OEL(2020503)/train/gls/gls_176.jpg,gls
/Users/umerriaz/Desktop/OEL(2020503)/train/gls/gls_189.jpg,gls
/Users/umerriaz/Desktop/OEL(2020503)/train/gls/gls_188.jpg,gls
/Users/umerriaz/Desktop/OEL(2020503)/train/gls/gls_163.jpg,gls
/Users/umerriaz/Desktop/OEL(2020503)/train/gls/gls_177.jpg,gls
/Users/umerriaz/Desktop/OEL(2020503)/train/gls/gls_349.jpg,gls
/Users/umerriaz/Desktop/OEL(2020503)/train/gls/gls_361.jpg,gls
/Users/umerriaz/Desktop/OEL(2020503)/train/gls/gls_375.jpg,gls
/Users/umerriaz/Desktop/OEL(2020503)/train/gls/gls_73.jpg,gls
/Users/umerriaz/Desktop/OEL(2020503)/train/gls/gls_67.jpg,gls
/Users/umerriaz/Desktop/OEL(2020503)/train/gls/gls_229.jpg,gls
/Users/umerriaz/Desktop/OEL(2020503)/train/gls/gls_98.jpg,gls
/Users/umerriaz/Desktop/OEL(2020503)/train/gls/gls_201.jpg,gls
/Users/umerriaz/Desktop/OEL(2020503)/train/gls/gls_3.jpg,gls
/Users/umerriaz/Desktop/OEL(2020503)/train/gls/gls_266.jpg,gls
/Users/umerriaz/Desktop/OEL(2020503)/train/gls/gls_500.jpg,gls
/Users/umerriaz/Desktop/OEL(2020503)/train/gls/gls_272.jpg,gls
/Users/umerriaz/Desktop/OEL(2020503)/train/gls/gls_14.jpg,gls
/Users/umerriaz/Desktop/OEL(2020503)/train/gls/gls_110.jpg,gls
/Users/umerriaz/Desktop/OEL(2020503)/train/gls/gls_104.jpg,gls
/Users/umerriaz/Desktop/OEL(2020503)/train/gls/gls_105.jpg,gls
/Users/umerriaz/Desktop/OEL(2020503)/train/gls/gls_111.jpg,gls
/Users/umerriaz/Desktop/OEL(2020503)/train/gls/gls_139.jpg,gls
/Users/umerriaz/Desktop/OEL(2020503)/train/gls/gls_307.jpg,gls
/Users/umerriaz/Desktop/OEL(2020503)/train/gls/gls_313.jpg,gls
/Users/umerriaz/Desktop/OEL(2020503)/train/gls/gls_475.jpg,gls
/Users/umerriaz/Desktop/OEL(2020503)/train/gls/gls_15.jpg,gls
/Users/umerriaz/Desktop/OEL(2020503)/train/gls/gls_273.jpg,gls
/Users/umerriaz/Desktop/OEL(2020503)/train/gls/gls_267.jpg,gls
/Users/umerriaz/Desktop/OEL(2020503)/train/gls/gls_501.jpg,gls
/Users/umerriaz/Desktop/OEL(2020503)/train/gls/gls_259.jpg,gls
/Users/umerriaz/Desktop/OEL(2020503)/train/gls/gls_271.jpg,gls
/Users/umerriaz/Desktop/OEL(2020503)/train/gls/gls_517.jpg,gls
/Users/umerriaz/Desktop/OEL(2020503)/train/gls/gls_265.jpg,gls
/Users/umerriaz/Desktop/OEL(2020503)/train/gls/gls_339.jpg,gls
/Users/umerriaz/Desktop/OEL(2020503)/train/gls/gls_463.jpg,gls
/Users/umerriaz/Desktop/OEL(2020503)/train/gls/gls_477.jpg,gls
/Users/umerriaz/Desktop/OEL(2020503)/train/gls/gls_488.jpg,gls
/Users/umerriaz/Desktop/OEL(2020503)/train/gls/gls_489.jpg,gls
/Users/umerriaz/Desktop/OEL(2020503)/train/gls/gls_476.jpg,gls
/Users/umerriaz/Desktop/OEL(2020503)/train/gls/gls_338.jpg,gls
/Users/umerriaz/Desktop/OEL(2020503)/train/gls/gls_512.jpg,gls
/Users/umerriaz/Desktop/OEL(2020503)/train/gls/gls_260.jpg,gls
/Users/umerriaz/Desktop/OEL(2020503)/train/gls/gls_506.jpg,gls
/Users/umerriaz/Desktop/OEL(2020503)/train/gls/gls_248.jpg,gls
/Users/umerriaz/Desktop/OEL(2020503)/train/gls/gls_314.jpg,gls
/Users/umerriaz/Desktop/OEL(2020503)/train/gls/gls_499.jpg,gls
/Users/umerriaz/Desktop/OEL(2020503)/train/gls/gls_116.jpg,gls
/Users/umerriaz/Desktop/OEL(2020503)/train/gls/gls_117.jpg,gls
/Users/umerriaz/Desktop/OEL(2020503)/train/gls/gls_103.jpg,gls
/Users/umerriaz/Desktop/OEL(2020503)/train/gls/gls_315.jpg,gls
/Users/umerriaz/Desktop/OEL(2020503)/train/gls/gls_301.jpg,gls
/Users/umerriaz/Desktop/OEL(2020503)/train/gls/gls_13.jpg,gls
/Users/umerriaz/Desktop/OEL(2020503)/train/gls/gls_249.jpg,gls
/Users/umerriaz/Desktop/OEL(2020503)/train/gls/gls_261.jpg,gls
/Users/umerriaz/Desktop/OEL(2020503)/train/gls/gls_507.jpg,gls
/Users/umerriaz/Desktop/OEL(2020503)/train/gls/gls_513.jpg,gls
/Users/umerriaz/Desktop/OEL(2020503)/train/gls/gls_505.jpg,gls
/Users/umerriaz/Desktop/OEL(2020503)/train/gls/gls_277.jpg,gls
/Users/umerriaz/Desktop/OEL(2020503)/train/gls/gls_511.jpg,gls
/Users/umerriaz/Desktop/OEL(2020503)/train/gls/gls_39.jpg,gls
/Users/umerriaz/Desktop/OEL(2020503)/train/gls/gls_471.jpg,gls
/Users/umerriaz/Desktop/OEL(2020503)/train/gls/gls_303.jpg,gls
/Users/umerriaz/Desktop/OEL(2020503)/train/gls/gls_465.jpg,gls
/Users/umerriaz/Desktop/OEL(2020503)/train/gls/gls_459.jpg,gls
/Users/umerriaz/Desktop/OEL(2020503)/train/gls/gls_115.jpg,gls
/Users/umerriaz/Desktop/OEL(2020503)/train/gls/gls_129.jpg,gls
/Users/umerriaz/Desktop/OEL(2020503)/train/gls/gls_128.jpg,gls
/Users/umerriaz/Desktop/OEL(2020503)/train/gls/gls_458.jpg,gls
/Users/umerriaz/Desktop/OEL(2020503)/train/gls/gls_302.jpg,gls
/Users/umerriaz/Desktop/OEL(2020503)/train/gls/gls_464.jpg,gls
/Users/umerriaz/Desktop/OEL(2020503)/train/gls/gls_470.jpg,gls
/Users/umerriaz/Desktop/OEL(2020503)/train/gls/gls_289.jpg,gls
/Users/umerriaz/Desktop/OEL(2020503)/train/gls/gls_38.jpg,gls
/Users/umerriaz/Desktop/OEL(2020503)/train/nlb/nlb_181.jpg,nlb
/Users/umerriaz/Desktop/OEL(2020503)/train/nlb/nlb_195.jpg,nlb
/Users/umerriaz/Desktop/OEL(2020503)/train/nlb/nlb_97.jpg,nlb
/Users/umerriaz/Desktop/OEL(2020503)/train/nlb/nlb_397.jpg,nlb
/Users/umerriaz/Desktop/OEL(2020503)/train/nlb/nlb_368.jpg,nlb
/Users/umerriaz/Desktop/OEL(2020503)/train/nlb/nlb_68.jpg,nlb
/Users/umerriaz/Desktop/OEL(2020503)/train/nlb/nlb_355.jpg,nlb
/Users/umerriaz/Desktop/OEL(2020503)/train/nlb/nlb_69.jpg,nlb
/Users/umerriaz/Desktop/OEL(2020503)/train/nlb/nlb_433.jpg,nlb
/Users/umerriaz/Desktop/OEL(2020503)/train/nlb/nlb_427.jpg,nlb
/Users/umerriaz/Desktop/OEL(2020503)/train/nlb/nlb_55.jpg,nlb
/Users/umerriaz/Desktop/OEL(2020503)/train/nlb/nlb_369.jpg,nlb
/Users/umerriaz/Desktop/OEL(2020503)/train/nlb/nlb_157.jpg,nlb
/Users/umerriaz/Desktop/OEL(2020503)/train/nlb/nlb_194.jpg,nlb
/Users/umerriaz/Desktop/OEL(2020503)/train/nlb/nlb_235.jpg,nlb
/Users/umerriaz/Desktop/OEL(2020503)/train/nlb/nlb_223.jpg,nlb
/Users/umerriaz/Desktop/OEL(2020503)/train/nlb/nlb_237.jpg,nlb
/Users/umerriaz/Desktop/OEL(2020503)/train/nlb/nlb_182.jpg,nlb
/Users/umerriaz/Desktop/OEL(2020503)/train/nlb/nlb_169.jpg,nlb
/Users/umerriaz/Desktop/OEL(2020503)/train/nlb/nlb_141.jpg,nlb
/Users/umerriaz/Desktop/OEL(2020503)/train/nlb/nlb_80.jpg,nlb
/Users/umerriaz/Desktop/OEL(2020503)/train/nlb/nlb_380.jpg,nlb
/Users/umerriaz/Desktop/OEL(2020503)/train/nlb/nlb_57.jpg,nlb
/Users/umerriaz/Desktop/OEL(2020503)/train/nlb/nlb_43.jpg,nlb
/Users/umerriaz/Desktop/OEL(2020503)/train/nlb/nlb_357.jpg,nlb
/Users/umerriaz/Desktop/OEL(2020503)/train/nlb/nlb_343.jpg,nlb
/Users/umerriaz/Desktop/OEL(2020503)/train/nlb/nlb_356.jpg,nlb
/Users/umerriaz/Desktop/OEL(2020503)/train/nlb/nlb_56.jpg,nlb
/Users/umerriaz/Desktop/OEL(2020503)/train/nlb/nlb_381.jpg,nlb
/Users/umerriaz/Desktop/OEL(2020503)/train/nlb/nlb_81.jpg,nlb
/Users/umerriaz/Desktop/OEL(2020503)/train/nlb/nlb_140.jpg,nlb
/Users/umerriaz/Desktop/OEL(2020503)/train/nlb/nlb_183.jpg,nlb
/Users/umerriaz/Desktop/OEL(2020503)/train/nlb/nlb_236.jpg,nlb
/Users/umerriaz/Desktop/OEL(2020503)/train/nlb/nlb_193.jpg,nlb
/Users/umerriaz/Desktop/OEL(2020503)/train/nlb/nlb_187.jpg,nlb
/Users/umerriaz/Desktop/OEL(2020503)/train/nlb/nlb_391.jpg,nlb
/Users/umerriaz/Desktop/OEL(2020503)/train/nlb/nlb_385.jpg,nlb
/Users/umerriaz/Desktop/OEL(2020503)/train/nlb/nlb_91.jpg,nlb
/Users/umerriaz/Desktop/OEL(2020503)/train/nlb/nlb_85.jpg,nlb
/Users/umerriaz/Desktop/OEL(2020503)/train/nlb/nlb_434.jpg,nlb
/Users/umerriaz/Desktop/OEL(2020503)/train/nlb/nlb_409.jpg,nlb
/Users/umerriaz/Desktop/OEL(2020503)/train/nlb/nlb_421.jpg,nlb
/Users/umerriaz/Desktop/OEL(2020503)/train/nlb/nlb_435.jpg,nlb
/Users/umerriaz/Desktop/OEL(2020503)/train/nlb/nlb_145.jpg,nlb
/Users/umerriaz/Desktop/OEL(2020503)/train/nlb/nlb_151.jpg,nlb
/Users/umerriaz/Desktop/OEL(2020503)/train/nlb/nlb_231.jpg,nlb
/Users/umerriaz/Desktop/OEL(2020503)/train/nlb/nlb_225.jpg,nlb
/Users/umerriaz/Desktop/OEL(2020503)/train/nlb/nlb_219.jpg,nlb
/Users/umerriaz/Desktop/OEL(2020503)/train/nlb/nlb_147.jpg,nlb
/Users/umerriaz/Desktop/OEL(2020503)/train/nlb/nlb_153.jpg,nlb
/Users/umerriaz/Desktop/OEL(2020503)/train/nlb/nlb_386.jpg,nlb
/Users/umerriaz/Desktop/OEL(2020503)/train/nlb/nlb_392.jpg,nlb
/Users/umerriaz/Desktop/OEL(2020503)/train/nlb/nlb_86.jpg,nlb
/Users/umerriaz/Desktop/OEL(2020503)/train/nlb/nlb_92.jpg,nlb
/Users/umerriaz/Desktop/OEL(2020503)/train/nlb/nlb_345.jpg,nlb
/Users/umerriaz/Desktop/OEL(2020503)/train/nlb/nlb_79.jpg,nlb
/Users/umerriaz/Desktop/OEL(2020503)/train/nlb/nlb_423.jpg,nlb
/Users/umerriaz/Desktop/OEL(2020503)/train/nlb/nlb_351.jpg,nlb
/Users/umerriaz/Desktop/OEL(2020503)/train/nlb/nlb_45.jpg,nlb
/Users/umerriaz/Desktop/OEL(2020503)/train/nlb/nlb_379.jpg,nlb
/Users/umerriaz/Desktop/OEL(2020503)/train/nlb/nlb_51.jpg,nlb
/Users/umerriaz/Desktop/OEL(2020503)/train/nlb/nlb_50.jpg,nlb
/Users/umerriaz/Desktop/OEL(2020503)/train/nlb/nlb_44.jpg,nlb
/Users/umerriaz/Desktop/OEL(2020503)/train/nlb/nlb_350.jpg,nlb
/Users/umerriaz/Desktop/OEL(2020503)/train/nlb/nlb_344.jpg,nlb
/Users/umerriaz/Desktop/OEL(2020503)/train/nlb/nlb_422.jpg,nlb
/Users/umerriaz/Desktop/OEL(2020503)/train/nlb/nlb_93.jpg,nlb
/Users/umerriaz/Desktop/OEL(2020503)/train/nlb/nlb_87.jpg,nlb
/Users/umerriaz/Desktop/OEL(2020503)/train/nlb/nlb_393.jpg,nlb
/Users/umerriaz/Desktop/OEL(2020503)/train/nlb/nlb_387.jpg,nlb
/Users/umerriaz/Desktop/OEL(2020503)/train/nlb/nlb_152.jpg,nlb
/Users/umerriaz/Desktop/OEL(2020503)/train/nlb/nlb_146.jpg,nlb
/Users/umerriaz/Desktop/OEL(2020503)/train/nlb/nlb_218.jpg,nlb
/Users/umerriaz/Desktop/OEL(2020503)/train/nlb/nlb_224.jpg,nlb
/Users/umerriaz/Desktop/OEL(2020503)/train/nlb/nlb_230.jpg,nlb
/Users/umerriaz/Desktop/OEL(2020503)/train/nlb/nlb_243.jpg,nlb
/Users/umerriaz/Desktop/OEL(2020503)/train/nlb/nlb_109.jpg,nlb
/Users/umerriaz/Desktop/OEL(2020503)/train/nlb/nlb_121.jpg,nlb
/Users/umerriaz/Desktop/OEL(2020503)/train/nlb/nlb_135.jpg,nlb
/Users/umerriaz/Desktop/OEL(2020503)/train/nlb/nlb_37.jpg,nlb
/Users/umerriaz/Desktop/OEL(2020503)/train/nlb/nlb_445.jpg,nlb
/Users/umerriaz/Desktop/OEL(2020503)/train/nlb/nlb_451.jpg,nlb
/Users/umerriaz/Desktop/OEL(2020503)/train/nlb/nlb_337.jpg,nlb
/Users/umerriaz/Desktop/OEL(2020503)/train/nlb/nlb_493.jpg,nlb
/Users/umerriaz/Desktop/OEL(2020503)/train/nlb/nlb_487.jpg,nlb
/Users/umerriaz/Desktop/OEL(2020503)/train/nlb/nlb_134.jpg,nlb
/Users/umerriaz/Desktop/OEL(2020503)/train/nlb/nlb_7.jpg,nlb
/Users/umerriaz/Desktop/OEL(2020503)/train/nlb/nlb_242.jpg,nlb
/Users/umerriaz/Desktop/OEL(2020503)/train/nlb/nlb_295.jpg,nlb
/Users/umerriaz/Desktop/OEL(2020503)/train/nlb/nlb_283.jpg,nlb
/Users/umerriaz/Desktop/OEL(2020503)/train/nlb/nlb_297.jpg,nlb
/Users/umerriaz/Desktop/OEL(2020503)/train/nlb/nlb_254.jpg,nlb
/Users/umerriaz/Desktop/OEL(2020503)/train/nlb/nlb_122.jpg,nlb
/Users/umerriaz/Desktop/OEL(2020503)/train/nlb/nlb_308.jpg,nlb
/Users/umerriaz/Desktop/OEL(2020503)/train/nlb/nlb_20.jpg,nlb
/Users/umerriaz/Desktop/OEL(2020503)/train/nlb/nlb_452.jpg,nlb
/Users/umerriaz/Desktop/OEL(2020503)/train/nlb/nlb_446.jpg,nlb
/Users/umerriaz/Desktop/OEL(2020503)/train/nlb/nlb_320.jpg,nlb
/Users/umerriaz/Desktop/OEL(2020503)/train/nlb/nlb_447.jpg,nlb
/Users/umerriaz/Desktop/OEL(2020503)/train/nlb/nlb_321.jpg,nlb
/Users/umerriaz/Desktop/OEL(2020503)/train/nlb/nlb_453.jpg,nlb
/Users/umerriaz/Desktop/OEL(2020503)/train/nlb/nlb_21.jpg,nlb
/Users/umerriaz/Desktop/OEL(2020503)/train/nlb/nlb_309.jpg,nlb
/Users/umerriaz/Desktop/OEL(2020503)/train/nlb/nlb_123.jpg,nlb
/Users/umerriaz/Desktop/OEL(2020503)/train/nlb/nlb_255.jpg,nlb
/Users/umerriaz/Desktop/OEL(2020503)/train/nlb/nlb_241.jpg,nlb
/Users/umerriaz/Desktop/OEL(2020503)/train/nlb/nlb_296.jpg,nlb
/Users/umerriaz/Desktop/OEL(2020503)/train/nlb/nlb_279.jpg,nlb
/Users/umerriaz/Desktop/OEL(2020503)/train/nlb/nlb_133.jpg,nlb
/Users/umerriaz/Desktop/OEL(2020503)/train/nlb/nlb_127.jpg,nlb
/Users/umerriaz/Desktop/OEL(2020503)/train/nlb/nlb_494.jpg,nlb
/Users/umerriaz/Desktop/OEL(2020503)/train/nlb/nlb_457.jpg,nlb
/Users/umerriaz/Desktop/OEL(2020503)/train/nlb/nlb_331.jpg,nlb
/Users/umerriaz/Desktop/OEL(2020503)/train/nlb/nlb_19.jpg,nlb
/Users/umerriaz/Desktop/OEL(2020503)/train/nlb/nlb_325.jpg,nlb
/Users/umerriaz/Desktop/OEL(2020503)/train/nlb/nlb_31.jpg,nlb
/Users/umerriaz/Desktop/OEL(2020503)/train/nlb/nlb_319.jpg,nlb
/Users/umerriaz/Desktop/OEL(2020503)/train/nlb/nlb_25.jpg,nlb
/Users/umerriaz/Desktop/OEL(2020503)/train/nlb/nlb_481.jpg,nlb
/Users/umerriaz/Desktop/OEL(2020503)/train/nlb/nlb_495.jpg,nlb
/Users/umerriaz/Desktop/OEL(2020503)/train/nlb/nlb_1.jpg,nlb
/Users/umerriaz/Desktop/OEL(2020503)/train/nlb/nlb_278.jpg,nlb
/Users/umerriaz/Desktop/OEL(2020503)/train/nlb/nlb_291.jpg,nlb
/Users/umerriaz/Desktop/OEL(2020503)/train/nlb/nlb_285.jpg,nlb
/Users/umerriaz/Desktop/OEL(2020503)/train/nlb/nlb_3.jpg,nlb
/Users/umerriaz/Desktop/OEL(2020503)/train/nlb/nlb_483.jpg,nlb
/Users/umerriaz/Desktop/OEL(2020503)/train/nlb/nlb_440.jpg,nlb
/Users/umerriaz/Desktop/OEL(2020503)/train/nlb/nlb_326.jpg,nlb
/Users/umerriaz/Desktop/OEL(2020503)/train/nlb/nlb_332.jpg,nlb
/Users/umerriaz/Desktop/OEL(2020503)/train/nlb/nlb_26.jpg,nlb
/Users/umerriaz/Desktop/OEL(2020503)/train/nlb/nlb_32.jpg,nlb
/Users/umerriaz/Desktop/OEL(2020503)/train/nlb/nlb_33.jpg,nlb
/Users/umerriaz/Desktop/OEL(2020503)/train/nlb/nlb_469.jpg,nlb
/Users/umerriaz/Desktop/OEL(2020503)/train/nlb/nlb_27.jpg,nlb
/Users/umerriaz/Desktop/OEL(2020503)/train/nlb/nlb_333.jpg,nlb
/Users/umerriaz/Desktop/OEL(2020503)/train/nlb/nlb_441.jpg,nlb
/Users/umerriaz/Desktop/OEL(2020503)/train/nlb/nlb_327.jpg,nlb
/Users/umerriaz/Desktop/OEL(2020503)/train/nlb/nlb_482.jpg,nlb
/Users/umerriaz/Desktop/OEL(2020503)/train/nlb/nlb_2.jpg,nlb
/Users/umerriaz/Desktop/OEL(2020503)/train/nlb/nlb_247.jpg,nlb
/Users/umerriaz/Desktop/OEL(2020503)/train/nlb/nlb_253.jpg,nlb
/Users/umerriaz/Desktop/OEL(2020503)/train/nlb/nlb_284.jpg,nlb
/Users/umerriaz/Desktop/OEL(2020503)/train/nlb/nlb_290.jpg,nlb
/Users/umerriaz/Desktop/OEL(2020503)/train/nlb/nlb_289.jpg,nlb
/Users/umerriaz/Desktop/OEL(2020503)/train/nlb/nlb_128.jpg,nlb
/Users/umerriaz/Desktop/OEL(2020503)/train/nlb/nlb_458.jpg,nlb
/Users/umerriaz/Desktop/OEL(2020503)/train/nlb/nlb_302.jpg,nlb
/Users/umerriaz/Desktop/OEL(2020503)/train/nlb/nlb_464.jpg,nlb
/Users/umerriaz/Desktop/OEL(2020503)/train/nlb/nlb_470.jpg,nlb
/Users/umerriaz/Desktop/OEL(2020503)/train/nlb/nlb_471.jpg,nlb
/Users/umerriaz/Desktop/OEL(2020503)/train/nlb/nlb_303.jpg,nlb
/Users/umerriaz/Desktop/OEL(2020503)/train/nlb/nlb_465.jpg,nlb
/Users/umerriaz/Desktop/OEL(2020503)/train/nlb/nlb_459.jpg,nlb
/Users/umerriaz/Desktop/OEL(2020503)/train/nlb/nlb_115.jpg,nlb
/Users/umerriaz/Desktop/OEL(2020503)/train/nlb/nlb_129.jpg,nlb
/Users/umerriaz/Desktop/OEL(2020503)/train/nlb/nlb_277.jpg,nlb
/Users/umerriaz/Desktop/OEL(2020503)/train/nlb/nlb_249.jpg,nlb
/Users/umerriaz/Desktop/OEL(2020503)/train/nlb/nlb_261.jpg,nlb
/Users/umerriaz/Desktop/OEL(2020503)/train/nlb/nlb_117.jpg,nlb
/Users/umerriaz/Desktop/OEL(2020503)/train/nlb/nlb_103.jpg,nlb
/Users/umerriaz/Desktop/OEL(2020503)/train/nlb/nlb_15.jpg,nlb
/Users/umerriaz/Desktop/OEL(2020503)/train/nlb/nlb_315.jpg,nlb
/Users/umerriaz/Desktop/OEL(2020503)/train/nlb/nlb_301.jpg,nlb
/Users/umerriaz/Desktop/OEL(2020503)/train/nlb/nlb_314.jpg,nlb
/Users/umerriaz/Desktop/OEL(2020503)/train/nlb/nlb_14.jpg,nlb
/Users/umerriaz/Desktop/OEL(2020503)/train/nlb/nlb_116.jpg,nlb
/Users/umerriaz/Desktop/OEL(2020503)/train/nlb/nlb_260.jpg,nlb
/Users/umerriaz/Desktop/OEL(2020503)/train/nlb/nlb_248.jpg,nlb
/Users/umerriaz/Desktop/OEL(2020503)/train/nlb/nlb_9.jpg,nlb
/Users/umerriaz/Desktop/OEL(2020503)/train/nlb/nlb_489.jpg,nlb
/Users/umerriaz/Desktop/OEL(2020503)/train/nlb/nlb_476.jpg,nlb
/Users/umerriaz/Desktop/OEL(2020503)/train/nlb/nlb_38.jpg,nlb
/Users/umerriaz/Desktop/OEL(2020503)/train/nlb/nlb_338.jpg,nlb
/Users/umerriaz/Desktop/OEL(2020503)/train/nlb/nlb_339.jpg,nlb
/Users/umerriaz/Desktop/OEL(2020503)/train/nlb/nlb_39.jpg,nlb
/Users/umerriaz/Desktop/OEL(2020503)/train/nlb/nlb_463.jpg,nlb
/Users/umerriaz/Desktop/OEL(2020503)/train/nlb/nlb_477.jpg,nlb
/Users/umerriaz/Desktop/OEL(2020503)/train/nlb/nlb_488.jpg,nlb
/Users/umerriaz/Desktop/OEL(2020503)/train/nlb/nlb_8.jpg,nlb
/Users/umerriaz/Desktop/OEL(2020503)/train/nlb/nlb_259.jpg,nlb
/Users/umerriaz/Desktop/OEL(2020503)/train/nlb/nlb_271.jpg,nlb
/Users/umerriaz/Desktop/OEL(2020503)/train/nlb/nlb_265.jpg,nlb
/Users/umerriaz/Desktop/OEL(2020503)/train/nlb/nlb_273.jpg,nlb
/Users/umerriaz/Desktop/OEL(2020503)/train/nlb/nlb_267.jpg,nlb
/Users/umerriaz/Desktop/OEL(2020503)/train/nlb/nlb_105.jpg,nlb
/Users/umerriaz/Desktop/OEL(2020503)/train/nlb/nlb_111.jpg,nlb
/Users/umerriaz/Desktop/OEL(2020503)/train/nlb/nlb_139.jpg,nlb
/Users/umerriaz/Desktop/OEL(2020503)/train/nlb/nlb_307.jpg,nlb
/Users/umerriaz/Desktop/OEL(2020503)/train/nlb/nlb_313.jpg,nlb
/Users/umerriaz/Desktop/OEL(2020503)/train/nlb/nlb_475.jpg,nlb
/Users/umerriaz/Desktop/OEL(2020503)/train/nlb/nlb_13.jpg,nlb
/Users/umerriaz/Desktop/OEL(2020503)/train/nlb/nlb_110.jpg,nlb
/Users/umerriaz/Desktop/OEL(2020503)/train/nlb/nlb_104.jpg,nlb
/Users/umerriaz/Desktop/OEL(2020503)/train/nlb/nlb_266.jpg,nlb
/Users/umerriaz/Desktop/OEL(2020503)/train/nlb/nlb_272.jpg,nlb
/Users/umerriaz/Desktop/OEL(2020503)/train/nlb/nlb_229.jpg,nlb
/Users/umerriaz/Desktop/OEL(2020503)/train/nlb/nlb_201.jpg,nlb
/Users/umerriaz/Desktop/OEL(2020503)/train/nlb/nlb_188.jpg,nlb
/Users/umerriaz/Desktop/OEL(2020503)/train/nlb/nlb_163.jpg,nlb
/Users/umerriaz/Desktop/OEL(2020503)/train/nlb/nlb_177.jpg,nlb
/Users/umerriaz/Desktop/OEL(2020503)/train/nlb/nlb_61.jpg,nlb
/Users/umerriaz/Desktop/OEL(2020503)/train/nlb/nlb_75.jpg,nlb
/Users/umerriaz/Desktop/OEL(2020503)/train/nlb/nlb_349.jpg,nlb
/Users/umerriaz/Desktop/OEL(2020503)/train/nlb/nlb_361.jpg,nlb
/Users/umerriaz/Desktop/OEL(2020503)/train/nlb/nlb_375.jpg,nlb
/Users/umerriaz/Desktop/OEL(2020503)/train/nlb/nlb_49.jpg,nlb
/Users/umerriaz/Desktop/OEL(2020503)/train/nlb/nlb_374.jpg,nlb
/Users/umerriaz/Desktop/OEL(2020503)/train/nlb/nlb_74.jpg,nlb
/Users/umerriaz/Desktop/OEL(2020503)/train/nlb/nlb_176.jpg,nlb
/Users/umerriaz/Desktop/OEL(2020503)/train/nlb/nlb_189.jpg,nlb
/Users/umerriaz/Desktop/OEL(2020503)/train/nlb/nlb_200.jpg,nlb
/Users/umerriaz/Desktop/OEL(2020503)/train/nlb/nlb_62.jpg,nlb
/Users/umerriaz/Desktop/OEL(2020503)/train/nlb/nlb_410.jpg,nlb
/Users/umerriaz/Desktop/OEL(2020503)/train/nlb/nlb_362.jpg,nlb
/Users/umerriaz/Desktop/OEL(2020503)/train/nlb/nlb_404.jpg,nlb
/Users/umerriaz/Desktop/OEL(2020503)/train/nlb/nlb_363.jpg,nlb
/Users/umerriaz/Desktop/OEL(2020503)/train/nlb/nlb_405.jpg,nlb
/Users/umerriaz/Desktop/OEL(2020503)/train/nlb/nlb_411.jpg,nlb
/Users/umerriaz/Desktop/OEL(2020503)/train/nlb/nlb_63.jpg,nlb
/Users/umerriaz/Desktop/OEL(2020503)/train/nlb/nlb_439.jpg,nlb
/Users/umerriaz/Desktop/OEL(2020503)/train/nlb/nlb_175.jpg,nlb
/Users/umerriaz/Desktop/OEL(2020503)/train/nlb/nlb_217.jpg,nlb
/Users/umerriaz/Desktop/OEL(2020503)/train/nlb/nlb_207.jpg,nlb
/Users/umerriaz/Desktop/OEL(2020503)/train/nlb/nlb_213.jpg,nlb
/Users/umerriaz/Desktop/OEL(2020503)/train/nlb/nlb_171.jpg,nlb
/Users/umerriaz/Desktop/OEL(2020503)/train/nlb/nlb_165.jpg,nlb
/Users/umerriaz/Desktop/OEL(2020503)/train/nlb/nlb_159.jpg,nlb
/Users/umerriaz/Desktop/OEL(2020503)/train/nlb/nlb_98.jpg,nlb
/Users/umerriaz/Desktop/OEL(2020503)/train/nlb/nlb_398.jpg,nlb
/Users/umerriaz/Desktop/OEL(2020503)/train/nlb/nlb_373.jpg,nlb
/Users/umerriaz/Desktop/OEL(2020503)/train/nlb/nlb_415.jpg,nlb
/Users/umerriaz/Desktop/OEL(2020503)/train/nlb/nlb_367.jpg,nlb
/Users/umerriaz/Desktop/OEL(2020503)/train/nlb/nlb_73.jpg,nlb
/Users/umerriaz/Desktop/OEL(2020503)/train/nlb/nlb_429.jpg,nlb
/Users/umerriaz/Desktop/OEL(2020503)/train/nlb/nlb_67.jpg,nlb
/Users/umerriaz/Desktop/OEL(2020503)/train/nlb/nlb_428.jpg,nlb
/Users/umerriaz/Desktop/OEL(2020503)/train/nlb/nlb_399.jpg,nlb
/Users/umerriaz/Desktop/OEL(2020503)/train/nlb/nlb_99.jpg,nlb
/Users/umerriaz/Desktop/OEL(2020503)/train/nlb/nlb_158.jpg,nlb
/Users/umerriaz/Desktop/OEL(2020503)/train/nlb/nlb_164.jpg,nlb
/Users/umerriaz/Desktop/OEL(2020503)/train/nlb/nlb_170.jpg,nlb
/Users/umerriaz/Desktop/OEL(2020503)/train/nlb/nlb_212.jpg,nlb
/Users/umerriaz/Desktop/OEL(2020503)/train/nlb/nlb_206.jpg,nlb
/Users/umerriaz/Desktop/OEL(2020503)/train/nlb/nlb_199.jpg,nlb
/Users/umerriaz/Desktop/OEL(2020503)/train/nlb/nlb_416.jpg,nlb
/Users/umerriaz/Desktop/OEL(2020503)/train/nlb/nlb_417.jpg,nlb
/Users/umerriaz/Desktop/OEL(2020503)/train/nlb/nlb_403.jpg,nlb
/Users/umerriaz/Desktop/OEL(2020503)/train/nlb/nlb_205.jpg,nlb
/Users/umerriaz/Desktop/OEL(2020503)/train/nlb/nlb_211.jpg,nlb
